"Code","Service","0","Entité racine > Non classés",,"2","{""2"":""2""}","[""0""]",NULL,NULL,NULL,NULL,NULL,NULL,NULL,NULL,NULL,NULL,NULL,NULL,NULL,NULL,NULL,NULL,"0",NULL,NULL,NULL,"-2","-2","-2","-2","-2","-2","-2","-2","-2","-2","-2","-2","-2","-2",NULL,"-2","0","-10",NULL,"-2","-2","-2","-2","-2","-2","-2","-2","-2","-2","-2","-2","-2"
"2","Non classés","0","Entité racine > Non classés",,"2","{""2"":""2""}","[""0""]",NULL,NULL,NULL,NULL,NULL,NULL,NULL,NULL,NULL,NULL,NULL,NULL,NULL,NULL,NULL,NULL,"0",NULL,NULL,NULL,"-2","-2","-2","-2","-2","-2","-2","-2","-2","-2","-2","-2","-2","-2",NULL,"-2","0","-10",NULL,"-2","-2","-2","-2","-2","-2","-2","-2","-2","-2","-2","-2","-2"
"3","DDT","103","Entité racine > Hors périmètre > DDT",,"3","{""3"":""3""}","[""0""]",NULL,NULL,NULL,NULL,NULL,NULL,NULL,NULL,NULL,NULL,NULL,NULL,NULL,NULL,,"DDT","0",,,NULL,"-2","-2","-2","-2","-2","-2","-2","-2","-2","-2","-2","-2","-2","-2","2015-02-18 10:07:03","-2","0","-10",NULL,"-2","-2","-2","-2","-2","-2","-2","0","0","10","10","-2","-2"
"4","AC","0","Entité racine > AC",,"2","{""4"":""4""}","[""0""]",NULL,NULL,NULL,NULL,NULL,NULL,NULL,NULL,NULL,NULL,NULL,NULL,NULL,NULL,,"AC","0",,,NULL,"-2","-2","-2","-2","-2","-2","-2","-2","-2","-2","-2","-2","-2","-2","2014-01-27 13:52:26","-2","0","-10",NULL,"-2","-2","-2","-2","-2","-2","-2","0","0","10","10","-2","-2"
"5","ANAH","94","Entité racine > Hors périmètre > Autres services > ANAH",,"4","{""5"":""5""}","{""0"":""0"",""94"":""94""}",NULL,NULL,NULL,NULL,NULL,NULL,NULL,NULL,NULL,NULL,NULL,NULL,NULL,NULL,,"ANAH","0",,,NULL,"-2","-2","-2","-2","-2","-2","-2","-2","-2","-2","-2","-2","-2","-2","2014-01-27 13:53:51","-2","0","-10",NULL,"-2","-2","-2","-2","-2","-2","-2","0","0","10","10","-2","-2"
"6","CEDIP","94","Entité racine > Hors périmètre > Autres services > CEDIP",,"4","{""6"":""6""}","{""0"":""0"",""94"":""94""}",NULL,NULL,NULL,NULL,NULL,NULL,NULL,NULL,NULL,NULL,NULL,NULL,NULL,NULL,,"CEDIP","0",,,NULL,"-2","-2","-2","-2","-2","-2","-2","-2","-2","-2","-2","-2","-2","-2","2014-01-27 13:53:59","-2","0","-10",NULL,"-2","-2","-2","-2","-2","-2","-2","0","0","10","10","-2","-2"
"16","CETU","101","Entité racine > Stc > CETU",,"3","{""16"":""16""}","[""0""]",NULL,NULL,NULL,NULL,NULL,NULL,NULL,NULL,NULL,NULL,NULL,NULL,NULL,NULL,,"CETU","0",,,NULL,"-2","-2","-2","-2","-2","-2","-2","-2","-2","-2","-2","-2","-2","-2","2014-01-27 14:01:55","-2","0","-10",NULL,"-2","-2","-2","-2","-2","-2","-2","0","0","10","10","-2","-2"
"17","CF-EPE","94","Entité racine > Hors périmètre > Autres services > CF-EPE",,"4","{""17"":""17""}","{""0"":""0"",""94"":""94""}",NULL,NULL,NULL,NULL,NULL,NULL,NULL,NULL,NULL,NULL,NULL,NULL,NULL,NULL,,"CF-EPE","0",,,NULL,"-2","-2","-2","-2","-2","-2","-2","-2","-2","-2","-2","-2","-2","-2","2014-01-27 14:02:03","-2","0","-10",NULL,"-2","-2","-2","-2","-2","-2","-2","0","0","10","10","-2","-2"
"18","CNPS","101","Entité racine > Stc > CNPS",,"3","{""18"":""18""}","[""0""]",NULL,NULL,NULL,NULL,NULL,NULL,NULL,NULL,NULL,NULL,NULL,NULL,NULL,NULL,,"CNPS","0",,,NULL,"-2","-2","-2","-2","-2","-2","-2","-2","-2","-2","-2","-2","-2","-2","2014-01-27 14:02:10","-2","0","-10",NULL,"-2","-2","-2","-2","-2","-2","-2","0","0","10","10","-2","-2"
"19","CVRH-Aix","95","Entité racine > Centres de formation et écoles > CVRH-Aix",,"3","{""19"":""19""}","[""0""]",NULL,NULL,NULL,NULL,NULL,NULL,NULL,NULL,NULL,NULL,NULL,NULL,NULL,NULL,,"CVRH-Aix","0",,,NULL,"-2","-2","-2","-2","-2","-2","-2","-2","-2","-2","-2","-2","-2","-2","2014-01-27 14:02:19","-2","0","-10",NULL,"-2","-2","-2","-2","-2","-2","-2","0","0","10","10","-2","-2"
"20","CVRH-Arras","95","Entité racine > Centres de formation et écoles > CVRH-Arras",,"3","{""20"":""20""}","[""0""]",NULL,NULL,NULL,NULL,NULL,NULL,NULL,NULL,NULL,NULL,NULL,NULL,NULL,NULL,,"CVRH-Arras","0",,,NULL,"-2","-2","-2","-2","-2","-2","-2","-2","-2","-2","-2","-2","-2","-2","2014-01-27 14:02:26","-2","0","-10",NULL,"-2","-2","-2","-2","-2","-2","-2","0","0","10","10","-2","-2"
"21","CVRH-Clermont","95","Entité racine > Centres de formation et écoles > CVRH-Clermont",,"3","{""21"":""21""}","[""0""]",NULL,NULL,NULL,NULL,NULL,NULL,NULL,NULL,NULL,NULL,NULL,NULL,NULL,NULL,,"CVRH-Clermont","0",,,NULL,"-2","-2","-2","-2","-2","-2","-2","-2","-2","-2","-2","-2","-2","-2","2014-01-27 14:02:34","-2","0","-10",NULL,"-2","-2","-2","-2","-2","-2","-2","0","0","10","10","-2","-2"
"22","CVRH-Macon","95","Entité racine > Centres de formation et écoles > CVRH-Macon",,"3","{""22"":""22""}","[""0""]",NULL,NULL,NULL,NULL,NULL,NULL,NULL,NULL,NULL,NULL,NULL,NULL,NULL,NULL,,"CVRH-Macon","0",,,NULL,"-2","-2","-2","-2","-2","-2","-2","-2","-2","-2","-2","-2","-2","-2","2014-01-27 14:02:56","-2","0","-10",NULL,"-2","-2","-2","-2","-2","-2","-2","0","0","10","10","-2","-2"
"23","CVRH-Nancy","95","Entité racine > Centres de formation et écoles > CVRH-Nancy",,"3","{""23"":""23""}","[""0""]",NULL,NULL,NULL,NULL,NULL,NULL,NULL,NULL,NULL,NULL,NULL,NULL,NULL,NULL,,"CVRH-Nancy","0",,,NULL,"-2","-2","-2","-2","-2","-2","-2","-2","-2","-2","-2","-2","-2","-2","2014-01-27 14:03:03","-2","0","-10",NULL,"-2","-2","-2","-2","-2","-2","-2","0","0","10","10","-2","-2"
"24","CVRH-Nantes","95","Entité racine > Centres de formation et écoles > CVRH-Nantes",,"3","{""24"":""24""}","[""0""]",NULL,NULL,NULL,NULL,NULL,NULL,NULL,NULL,NULL,NULL,NULL,NULL,NULL,NULL,,"CVRH-Nantes","0",,,NULL,"-2","-2","-2","-2","-2","-2","-2","-2","-2","-2","-2","-2","-2","-2","2014-01-27 14:03:12","-2","0","-10",NULL,"-2","-2","-2","-2","-2","-2","-2","0","0","10","10","-2","-2"
"25","CVRH-Paris","95","Entité racine > Centres de formation et écoles > CVRH-Paris",,"3","{""25"":""25""}","[""0""]",NULL,NULL,NULL,NULL,NULL,NULL,NULL,NULL,NULL,NULL,NULL,NULL,NULL,NULL,,"CVRH-Paris","0",,,NULL,"-2","-2","-2","-2","-2","-2","-2","-2","-2","-2","-2","-2","-2","-2","2014-01-27 14:03:19","-2","0","-10",NULL,"-2","-2","-2","-2","-2","-2","-2","0","0","10","10","-2","-2"
"26","CVRH-Rouen","95","Entité racine > Centres de formation et écoles > CVRH-Rouen",,"3","{""26"":""26""}","[""0""]",NULL,NULL,NULL,NULL,NULL,NULL,NULL,NULL,NULL,NULL,NULL,NULL,NULL,NULL,,"CVRH-Rouen","0",,,NULL,"-2","-2","-2","-2","-2","-2","-2","-2","-2","-2","-2","-2","-2","-2","2014-01-27 14:03:26","-2","0","-10",NULL,"-2","-2","-2","-2","-2","-2","-2","0","0","10","10","-2","-2"
"27","CVRH-Toulouse","95","Entité racine > Centres de formation et écoles > CVRH-Toulouse",,"3","{""27"":""27""}","[""0""]",NULL,NULL,NULL,NULL,NULL,NULL,NULL,NULL,NULL,NULL,NULL,NULL,NULL,NULL,,"CVRH-Toulouse","0",,,NULL,"-2","-2","-2","-2","-2","-2","-2","-2","-2","-2","-2","-2","-2","-2","2014-01-27 14:03:34","-2","0","-10",NULL,"-2","-2","-2","-2","-2","-2","-2","0","0","10","10","-2","-2"
"28","CVRH-Tours","95","Entité racine > Centres de formation et écoles > CVRH-Tours",,"3","{""28"":""28""}","[""0""]",NULL,NULL,NULL,NULL,NULL,NULL,NULL,NULL,NULL,NULL,NULL,NULL,NULL,NULL,,"CVRH-Tours","0",,,NULL,"-2","-2","-2","-2","-2","-2","-2","-2","-2","-2","-2","-2","-2","-2","2014-01-27 14:03:41","-2","0","-10",NULL,"-2","-2","-2","-2","-2","-2","-2","0","0","10","10","-2","-2"
"30","DAM","94","Entité racine > Hors périmètre > Autres services > DAM",,"4","{""30"":""30""}","{""0"":""0"",""94"":""94""}",NULL,NULL,NULL,NULL,NULL,NULL,NULL,NULL,NULL,NULL,NULL,NULL,NULL,NULL,,"DAM","0",,,NULL,"-2","-2","-2","-2","-2","-2","-2","-2","-2","-2","-2","-2","-2","-2","2014-01-27 14:03:48","-2","0","-10",NULL,"-2","-2","-2","-2","-2","-2","-2","0","0","10","10","-2","-2"
"31","DEAL971","100","Entité racine > Outre-mer > DEAL971",,"3","{""31"":""31""}","[""0""]",NULL,NULL,NULL,NULL,NULL,NULL,NULL,NULL,NULL,NULL,NULL,NULL,NULL,NULL,,"DEAL971","0",,,NULL,"-2","-2","-2","-2","-2","-2","-2","-2","-2","-2","-2","-2","-2","-2","2014-01-27 14:03:55","-2","0","-10",NULL,"-2","-2","-2","-2","-2","-2","-2","0","0","10","10","-2","-2"
"32","DEAL972","100","Entité racine > Outre-mer > DEAL972",,"3","{""32"":""32""}","[""0""]",NULL,NULL,NULL,NULL,NULL,NULL,NULL,NULL,NULL,NULL,NULL,NULL,NULL,NULL,,"DEAL972","0",,,NULL,"-2","-2","-2","-2","-2","-2","-2","-2","-2","-2","-2","-2","-2","-2","2014-01-27 14:04:01","-2","0","-10",NULL,"-2","-2","-2","-2","-2","-2","-2","0","0","10","10","-2","-2"
"33","DEAL973","100","Entité racine > Outre-mer > DEAL973",,"3","{""33"":""33""}","[""0""]",NULL,NULL,NULL,NULL,NULL,NULL,NULL,NULL,NULL,NULL,NULL,NULL,NULL,NULL,,"DEAL973","0",,,NULL,"-2","-2","-2","-2","-2","-2","-2","-2","-2","-2","-2","-2","-2","-2","2014-01-27 14:04:09","-2","0","-10",NULL,"-2","-2","-2","-2","-2","-2","-2","0","0","10","10","-2","-2"
"34","DEAL974","100","Entité racine > Outre-mer > DEAL974",,"3","{""34"":""34""}","[""0""]",NULL,NULL,NULL,NULL,NULL,NULL,NULL,NULL,NULL,NULL,NULL,NULL,NULL,NULL,,"DEAL974","0",,,NULL,"-2","-2","-2","-2","-2","-2","-2","-2","-2","-2","-2","-2","-2","-2","2014-01-27 14:04:15","-2","0","-10",NULL,"-2","-2","-2","-2","-2","-2","-2","0","0","10","10","-2","-2"
"35","DEAL976","100","Entité racine > Outre-mer > DEAL976",,"3","{""35"":""35""}","[""0""]",NULL,NULL,NULL,NULL,NULL,NULL,NULL,NULL,NULL,NULL,NULL,NULL,NULL,NULL,,"DEAL976","0",,,NULL,"-2","-2","-2","-2","-2","-2","-2","-2","-2","-2","-2","-2","-2","-2","2014-01-27 14:04:21","-2","0","-10",NULL,"-2","-2","-2","-2","-2","-2","-2","0","0","10","10","-2","-2"
"36","DIR-AT","97","Entité racine > Dir > DIR-AT",,"3","{""36"":""36""}","[""0""]",NULL,NULL,NULL,NULL,NULL,NULL,NULL,NULL,NULL,NULL,NULL,NULL,NULL,NULL,,"DIR-AT","0",,,NULL,"-2","-2","-2","-2","-2","-2","-2","-2","-2","-2","-2","-2","-2","-2","2014-01-27 14:04:30","-2","0","-10",NULL,"-2","-2","-2","-2","-2","-2","-2","0","0","10","10","-2","-2"
"37","DIR-CE","97","Entité racine > Dir > DIR-CE",,"3","{""37"":""37""}","[""0""]",NULL,NULL,NULL,NULL,NULL,NULL,NULL,NULL,NULL,NULL,NULL,NULL,NULL,NULL,,"DIR-CE","0",,,NULL,"-2","-2","-2","-2","-2","-2","-2","-2","-2","-2","-2","-2","-2","-2","2014-01-27 14:04:38","-2","0","-10",NULL,"-2","-2","-2","-2","-2","-2","-2","0","0","10","10","-2","-2"
"38","DIR-CO","97","Entité racine > Dir > DIR-CO",,"3","{""38"":""38""}","[""0""]",NULL,NULL,NULL,NULL,NULL,NULL,NULL,NULL,NULL,NULL,NULL,NULL,NULL,NULL,,"DIR-CO","0",,,NULL,"-2","-2","-2","-2","-2","-2","-2","-2","-2","-2","-2","-2","-2","-2","2014-01-27 14:04:45","-2","0","-10",NULL,"-2","-2","-2","-2","-2","-2","-2","0","0","10","10","-2","-2"
"39","DIR-EST","97","Entité racine > Dir > DIR-EST",,"3","{""39"":""39""}","[""0""]",NULL,NULL,NULL,NULL,NULL,NULL,NULL,NULL,NULL,NULL,NULL,NULL,NULL,NULL,,"DIR-EST","0",,,NULL,"-2","-2","-2","-2","-2","-2","-2","-2","-2","-2","-2","-2","-2","-2","2014-01-27 14:04:52","-2","0","-10",NULL,"-2","-2","-2","-2","-2","-2","-2","0","0","10","10","-2","-2"
"40","DIR-IF","97","Entité racine > Dir > DIR-IF",,"3","{""40"":""40""}","[""0""]",NULL,NULL,NULL,NULL,NULL,NULL,NULL,NULL,NULL,NULL,NULL,NULL,NULL,NULL,,"DIR-IF","0",,,NULL,"-2","-2","-2","-2","-2","-2","-2","-2","-2","-2","-2","-2","-2","-2","2014-01-27 14:04:58","-2","0","-10",NULL,"-2","-2","-2","-2","-2","-2","-2","0","0","10","10","-2","-2"
"41","DIR-MC","97","Entité racine > Dir > DIR-MC",,"3","{""41"":""41""}","[""0""]",NULL,NULL,NULL,NULL,NULL,NULL,NULL,NULL,NULL,NULL,NULL,NULL,NULL,NULL,,"DIR-MC","0",,,NULL,"-2","-2","-2","-2","-2","-2","-2","-2","-2","-2","-2","-2","-2","-2","2014-01-27 14:05:05","-2","0","-10",NULL,"-2","-2","-2","-2","-2","-2","-2","0","0","10","10","-2","-2"
"42","DIR-MED","97","Entité racine > Dir > DIR-MED",,"3","{""42"":""42""}","[""0""]",NULL,NULL,NULL,NULL,NULL,NULL,NULL,NULL,NULL,NULL,NULL,NULL,NULL,NULL,,"DIR-MED","0",,,NULL,"-2","-2","-2","-2","-2","-2","-2","-2","-2","-2","-2","-2","-2","-2","2014-01-27 14:05:12","-2","0","-10",NULL,"-2","-2","-2","-2","-2","-2","-2","0","0","10","10","-2","-2"
"43","DIR-ND","97","Entité racine > Dir > DIR-ND",,"3","{""43"":""43""}","[""0""]",NULL,NULL,NULL,NULL,NULL,NULL,NULL,NULL,NULL,NULL,NULL,NULL,NULL,NULL,,"DIR-ND","0",,,NULL,"-2","-2","-2","-2","-2","-2","-2","-2","-2","-2","-2","-2","-2","-2","2014-01-27 14:05:19","-2","0","-10",NULL,"-2","-2","-2","-2","-2","-2","-2","0","0","10","10","-2","-2"
"44","DIR-NO","97","Entité racine > Dir > DIR-NO",,"3","{""44"":""44""}","[""0""]",NULL,NULL,NULL,NULL,NULL,NULL,NULL,NULL,NULL,NULL,NULL,NULL,NULL,NULL,,"DIR-NO","0",,,NULL,"-2","-2","-2","-2","-2","-2","-2","-2","-2","-2","-2","-2","-2","-2","2014-01-27 14:05:37","-2","0","-10",NULL,"-2","-2","-2","-2","-2","-2","-2","0","0","10","10","-2","-2"
"45","DIR-OU","97","Entité racine > Dir > DIR-OU",,"3","{""45"":""45""}","[""0""]",NULL,NULL,NULL,NULL,NULL,NULL,NULL,NULL,NULL,NULL,NULL,NULL,NULL,NULL,,"DIR-OU","0",,,NULL,"-2","-2","-2","-2","-2","-2","-2","-2","-2","-2","-2","-2","-2","-2","2014-01-27 14:05:43","-2","0","-10",NULL,"-2","-2","-2","-2","-2","-2","-2","0","0","10","10","-2","-2"
"46","DIR-SO","97","Entité racine > Dir > DIR-SO",,"3","{""46"":""46""}","[""0""]",NULL,NULL,NULL,NULL,NULL,NULL,NULL,NULL,NULL,NULL,NULL,NULL,NULL,NULL,,"DIR-SO","0",,,NULL,"-2","-2","-2","-2","-2","-2","-2","-2","-2","-2","-2","-2","-2","-2","2014-01-27 14:05:50","-2","0","-10",NULL,"-2","-2","-2","-2","-2","-2","-2","0","0","10","10","-2","-2"
"47","DIRM-MED","98","Entité racine > Dirm > DIRM-MED",,"3","{""47"":""47""}","[""0""]",NULL,NULL,NULL,NULL,NULL,NULL,NULL,NULL,NULL,NULL,NULL,NULL,NULL,NULL,,"DIRM-MED","0",,,NULL,"-2","-2","-2","-2","-2","-2","-2","-2","-2","-2","-2","-2","-2","-2","2014-01-27 14:05:57","-2","0","-10",NULL,"-2","-2","-2","-2","-2","-2","-2","0","0","10","10","-2","-2"
"48","DIRM-MEMN","98","Entité racine > Dirm > DIRM-MEMN",,"3","{""48"":""48""}","[""0""]",NULL,NULL,NULL,NULL,NULL,NULL,NULL,NULL,NULL,NULL,NULL,NULL,NULL,NULL,,"DIRM-MEMN","0",,,NULL,"-2","-2","-2","-2","-2","-2","-2","-2","-2","-2","-2","-2","-2","-2","2014-01-27 14:06:03","-2","0","-10",NULL,"-2","-2","-2","-2","-2","-2","-2","0","0","10","10","-2","-2"
"49","DIRM-NAMO","98","Entité racine > Dirm > DIRM-NAMO",,"3","{""49"":""49""}","[""0""]",NULL,NULL,NULL,NULL,NULL,NULL,NULL,NULL,NULL,NULL,NULL,NULL,NULL,NULL,,"DIRM-NAMO","0",,,NULL,"-2","-2","-2","-2","-2","-2","-2","-2","-2","-2","-2","-2","-2","-2","2014-01-27 14:06:10","-2","0","-10",NULL,"-2","-2","-2","-2","-2","-2","-2","0","0","10","10","-2","-2"
"50","DIRM-SA","98","Entité racine > Dirm > DIRM-SA",,"3","{""50"":""50""}","[""0""]",NULL,NULL,NULL,NULL,NULL,NULL,NULL,NULL,NULL,NULL,NULL,NULL,NULL,NULL,,"DIRM-SA","0",,,NULL,"-2","-2","-2","-2","-2","-2","-2","-2","-2","-2","-2","-2","-2","-2","2014-01-27 14:06:19","-2","0","-10",NULL,"-2","-2","-2","-2","-2","-2","-2","0","0","10","10","-2","-2"
"51","DM972","100","Entité racine > Outre-mer > DM972",,"3","{""51"":""51""}","[""0""]",NULL,NULL,NULL,NULL,NULL,NULL,NULL,NULL,NULL,NULL,NULL,NULL,NULL,NULL,,"DM972","0",,,NULL,"-2","-2","-2","-2","-2","-2","-2","-2","-2","-2","-2","-2","-2","-2","2014-01-27 14:06:28","-2","0","-10",NULL,"-2","-2","-2","-2","-2","-2","-2","0","0","10","10","-2","-2"
"106","VPN","0","Entité racine > VPN",,"2","{""106"":""106""}","[""0""]",NULL,NULL,NULL,NULL,NULL,NULL,NULL,NULL,NULL,NULL,NULL,NULL,NULL,NULL,,"VPN","0",,,NULL,"-2","-2","-2","-2","-2","-2","-2","-2","-2","-2","-2","-2","-2","-2","2016-04-25 09:34:15","-2","0","-10",NULL,"-2","-2","-2","-2","-2","-2","-2","0","0","10","10","-2","-2"
"53","DREAL-AL","99","Entité racine > Dreal > DREAL-AL",,"3","{""53"":""53""}","[""0""]",NULL,NULL,NULL,NULL,NULL,NULL,NULL,NULL,NULL,NULL,NULL,NULL,NULL,NULL,,"DREAL-AL","0",,,NULL,"-2","-2","-2","-2","-2","-2","-2","-2","-2","-2","-2","-2","-2","-2","2014-01-27 14:06:43","-2","0","-10",NULL,"-2","-2","-2","-2","-2","-2","-2","0","0","10","10","-2","-2"
"54","DREAL-AQ","99","Entité racine > Dreal > DREAL-AQ",,"3","{""54"":""54""}","[""0""]",NULL,NULL,NULL,NULL,NULL,NULL,NULL,NULL,NULL,NULL,NULL,NULL,NULL,NULL,,"DREAL-AQ","0",,,NULL,"-2","-2","-2","-2","-2","-2","-2","-2","-2","-2","-2","-2","-2","-2","2014-01-27 14:06:50","-2","0","-10",NULL,"-2","-2","-2","-2","-2","-2","-2","0","0","10","10","-2","-2"
"55","DREAL-AU","99","Entité racine > Dreal > DREAL-AU",,"3","{""55"":""55""}","[""0""]",NULL,NULL,NULL,NULL,NULL,NULL,NULL,NULL,NULL,NULL,NULL,NULL,NULL,NULL,,"DREAL-AU","0",,,NULL,"-2","-2","-2","-2","-2","-2","-2","-2","-2","-2","-2","-2","-2","-2","2014-01-27 14:06:58","-2","0","-10",NULL,"-2","-2","-2","-2","-2","-2","-2","0","0","10","10","-2","-2"
"56","DREAL-BN","99","Entité racine > Dreal > DREAL-BN",,"3","{""56"":""56""}","[""0""]",NULL,NULL,NULL,NULL,NULL,NULL,NULL,NULL,NULL,NULL,NULL,NULL,NULL,NULL,,"DREAL-BN","0",,,NULL,"-2","-2","-2","-2","-2","-2","-2","-2","-2","-2","-2","-2","-2","-2","2014-01-27 14:07:04","-2","0","-10",NULL,"-2","-2","-2","-2","-2","-2","-2","0","0","10","10","-2","-2"
"57","DREAL-BO","99","Entité racine > Dreal > DREAL-BO",,"3","{""57"":""57""}","[""0""]",NULL,NULL,NULL,NULL,NULL,NULL,NULL,NULL,NULL,NULL,NULL,NULL,NULL,NULL,,"DREAL-BO","0",,,NULL,"-2","-2","-2","-2","-2","-2","-2","-2","-2","-2","-2","-2","-2","-2","2014-01-27 14:07:11","-2","0","-10",NULL,"-2","-2","-2","-2","-2","-2","-2","0","0","10","10","-2","-2"
"58","DREAL-BR","99","Entité racine > Dreal > DREAL-BR",,"3","{""58"":""58""}","[""0""]",NULL,NULL,NULL,NULL,NULL,NULL,NULL,NULL,NULL,NULL,NULL,NULL,NULL,NULL,,"DREAL-BR","0",,,NULL,"-2","-2","-2","-2","-2","-2","-2","-2","-2","-2","-2","-2","-2","-2","2014-01-27 14:07:17","-2","0","-10",NULL,"-2","-2","-2","-2","-2","-2","-2","0","0","10","10","-2","-2"
"59","DREAL-CA","99","Entité racine > Dreal > DREAL-CA",,"3","{""59"":""59""}","[""0""]",NULL,NULL,NULL,NULL,NULL,NULL,NULL,NULL,NULL,NULL,NULL,NULL,NULL,NULL,,"DREAL-CA","0",,,NULL,"-2","-2","-2","-2","-2","-2","-2","-2","-2","-2","-2","-2","-2","-2","2014-01-27 14:07:26","-2","0","-10",NULL,"-2","-2","-2","-2","-2","-2","-2","0","0","10","10","-2","-2"
"60","DREAL-CE","99","Entité racine > Dreal > DREAL-CE",,"3","{""60"":""60""}","[""0""]",NULL,NULL,NULL,NULL,NULL,NULL,NULL,NULL,NULL,NULL,NULL,NULL,NULL,NULL,,"DREAL-CE","0",,,NULL,"-2","-2","-2","-2","-2","-2","-2","-2","-2","-2","-2","-2","-2","-2","2014-01-27 14:07:33","-2","0","-10",NULL,"-2","-2","-2","-2","-2","-2","-2","0","0","10","10","-2","-2"
"61","DREAL-CO","99","Entité racine > Dreal > DREAL-CO",,"3","{""61"":""61""}","[""0""]",NULL,NULL,NULL,NULL,NULL,NULL,NULL,NULL,NULL,NULL,NULL,NULL,NULL,NULL,,"DREAL-CO","0",,,NULL,"-2","-2","-2","-2","-2","-2","-2","-2","-2","-2","-2","-2","-2","-2","2014-01-27 14:07:40","-2","0","-10",NULL,"-2","-2","-2","-2","-2","-2","-2","0","0","10","10","-2","-2"
"62","DREAL-FC","99","Entité racine > Dreal > DREAL-FC",,"3","{""62"":""62""}","[""0""]",NULL,NULL,NULL,NULL,NULL,NULL,NULL,NULL,NULL,NULL,NULL,NULL,NULL,NULL,,"DREAL-FC","0",,,NULL,"-2","-2","-2","-2","-2","-2","-2","-2","-2","-2","-2","-2","-2","-2","2014-01-27 14:07:47","-2","0","-10",NULL,"-2","-2","-2","-2","-2","-2","-2","0","0","10","10","-2","-2"
"63","DREAL-HN","99","Entité racine > Dreal > DREAL-HN",,"3","{""63"":""63""}","[""0""]",NULL,NULL,NULL,NULL,NULL,NULL,NULL,NULL,NULL,NULL,NULL,NULL,NULL,NULL,,"DREAL-HN","0",,,NULL,"-2","-2","-2","-2","-2","-2","-2","-2","-2","-2","-2","-2","-2","-2","2014-01-27 14:07:54","-2","0","-10",NULL,"-2","-2","-2","-2","-2","-2","-2","0","0","10","10","-2","-2"
"64","DREAL-LI","99","Entité racine > Dreal > DREAL-LI",,"3","{""64"":""64""}","[""0""]",NULL,NULL,NULL,NULL,NULL,NULL,NULL,NULL,NULL,NULL,NULL,NULL,NULL,NULL,,"DREAL-LI","0",,,NULL,"-2","-2","-2","-2","-2","-2","-2","-2","-2","-2","-2","-2","-2","-2","2014-01-27 14:08:01","-2","0","-10",NULL,"-2","-2","-2","-2","-2","-2","-2","0","0","10","10","-2","-2"
"65","DREAL-LO","99","Entité racine > Dreal > DREAL-LO",,"3","{""65"":""65""}","[""0""]",NULL,NULL,NULL,NULL,NULL,NULL,NULL,NULL,NULL,NULL,NULL,NULL,NULL,NULL,,"DREAL-LO","0",,,NULL,"-2","-2","-2","-2","-2","-2","-2","-2","-2","-2","-2","-2","-2","-2","2014-01-27 14:08:08","-2","0","-10",NULL,"-2","-2","-2","-2","-2","-2","-2","0","0","10","10","-2","-2"
"66","DREAL-LR","99","Entité racine > Dreal > DREAL-LR",,"3","{""66"":""66""}","[""0""]",NULL,NULL,NULL,NULL,NULL,NULL,NULL,NULL,NULL,NULL,NULL,NULL,NULL,NULL,,"DREAL-LR","0",,,NULL,"-2","-2","-2","-2","-2","-2","-2","-2","-2","-2","-2","-2","-2","-2","2014-01-27 14:08:15","-2","0","-10",NULL,"-2","-2","-2","-2","-2","-2","-2","0","0","10","10","-2","-2"
"67","DREAL-MP","99","Entité racine > Dreal > DREAL-MP",,"3","{""67"":""67""}","[""0""]",NULL,NULL,NULL,NULL,NULL,NULL,NULL,NULL,NULL,NULL,NULL,NULL,NULL,NULL,,"DREAL-MP","0",,,NULL,"-2","-2","-2","-2","-2","-2","-2","-2","-2","-2","-2","-2","-2","-2","2014-01-27 14:08:22","-2","0","-10",NULL,"-2","-2","-2","-2","-2","-2","-2","0","0","10","10","-2","-2"
"68","DREAL-NP","99","Entité racine > Dreal > DREAL-NP",,"3","{""68"":""68""}","[""0""]",NULL,NULL,NULL,NULL,NULL,NULL,NULL,NULL,NULL,NULL,NULL,NULL,NULL,NULL,,"DREAL-NP","0",,,NULL,"-2","-2","-2","-2","-2","-2","-2","-2","-2","-2","-2","-2","-2","-2","2014-01-27 14:08:28","-2","0","-10",NULL,"-2","-2","-2","-2","-2","-2","-2","0","0","10","10","-2","-2"
"69","DREAL-PA","99","Entité racine > Dreal > DREAL-PA",,"3","{""69"":""69""}","[""0""]",NULL,NULL,NULL,NULL,NULL,NULL,NULL,NULL,NULL,NULL,NULL,NULL,NULL,NULL,,"DREAL-PA","0",,,NULL,"-2","-2","-2","-2","-2","-2","-2","-2","-2","-2","-2","-2","-2","-2","2014-01-27 14:08:35","-2","0","-10",NULL,"-2","-2","-2","-2","-2","-2","-2","0","0","10","10","-2","-2"
"70","DREAL-PC","99","Entité racine > Dreal > DREAL-PC",,"3","{""70"":""70""}","[""0""]",NULL,NULL,NULL,NULL,NULL,NULL,NULL,NULL,NULL,NULL,NULL,NULL,NULL,NULL,,"DREAL-PC","0",,,NULL,"-2","-2","-2","-2","-2","-2","-2","-2","-2","-2","-2","-2","-2","-2","2014-01-27 14:08:42","-2","0","-10",NULL,"-2","-2","-2","-2","-2","-2","-2","0","0","10","10","-2","-2"
"71","DREAL-PI","99","Entité racine > Dreal > DREAL-PI",,"3","{""71"":""71""}","[""0""]",NULL,NULL,NULL,NULL,NULL,NULL,NULL,NULL,NULL,NULL,NULL,NULL,NULL,NULL,,"DREAL-PI","0",,,NULL,"-2","-2","-2","-2","-2","-2","-2","-2","-2","-2","-2","-2","-2","-2","2014-01-27 14:08:50","-2","0","-10",NULL,"-2","-2","-2","-2","-2","-2","-2","0","0","10","10","-2","-2"
"72","DREAL-PL","99","Entité racine > Dreal > DREAL-PL",,"3","{""72"":""72""}","[""0""]",NULL,NULL,NULL,NULL,NULL,NULL,NULL,NULL,NULL,NULL,NULL,NULL,NULL,NULL,,"DREAL-PL","0",,,NULL,"-2","-2","-2","-2","-2","-2","-2","-2","-2","-2","-2","-2","-2","-2","2014-01-27 14:09:00","-2","0","-10",NULL,"-2","-2","-2","-2","-2","-2","-2","0","0","10","10","-2","-2"
"73","DREAL-RA","99","Entité racine > Dreal > DREAL-RA",,"3","{""73"":""73""}","[""0""]",NULL,NULL,NULL,NULL,NULL,NULL,NULL,NULL,NULL,NULL,NULL,NULL,NULL,NULL,,"DREAL-RA","0",,,NULL,"-2","-2","-2","-2","-2","-2","-2","-2","-2","-2","-2","-2","-2","-2","2014-01-27 14:09:07","-2","0","-10",NULL,"-2","-2","-2","-2","-2","-2","-2","0","0","10","10","-2","-2"
"74","DRI-IF-EA","99","Entité racine > Dreal > DRI-IF-EA",,"3","{""74"":""74""}","[""0""]",NULL,NULL,NULL,NULL,NULL,NULL,NULL,NULL,NULL,NULL,NULL,NULL,NULL,NULL,,"DRI-IF-EA","0",,,NULL,"-2","-2","-2","-2","-2","-2","-2","-2","-2","-2","-2","-2","-2","-2","2014-01-27 14:09:14","-2","0","-10",NULL,"-2","-2","-2","-2","-2","-2","-2","0","0","10","10","-2","-2"
"75","DRI-IF-EE","99","Entité racine > Dreal > DRI-IF-EE",,"3","{""75"":""75""}","[""0""]",NULL,NULL,NULL,NULL,NULL,NULL,NULL,NULL,NULL,NULL,NULL,NULL,NULL,NULL,,"DRI-IF-EE","0",,,NULL,"-2","-2","-2","-2","-2","-2","-2","-2","-2","-2","-2","-2","-2","-2","2014-01-27 14:09:21","-2","0","-10",NULL,"-2","-2","-2","-2","-2","-2","-2","0","0","10","10","-2","-2"
"76","DRI-IF-HL","99","Entité racine > Dreal > DRI-IF-HL",,"3","{""76"":""76""}","[""0""]",NULL,NULL,NULL,NULL,NULL,NULL,NULL,NULL,NULL,NULL,NULL,NULL,NULL,NULL,,"DRI-IF-HL","0",,,NULL,"-2","-2","-2","-2","-2","-2","-2","-2","-2","-2","-2","-2","-2","-2","2014-01-27 14:09:27","-2","0","-10",NULL,"-2","-2","-2","-2","-2","-2","-2","0","0","10","10","-2","-2"
"77","DTAM975","100","Entité racine > Outre-mer > DTAM975",,"3","{""77"":""77""}","[""0""]",NULL,NULL,NULL,NULL,NULL,NULL,NULL,NULL,NULL,NULL,NULL,NULL,NULL,NULL,,"DTAM975","0",,,NULL,"-2","-2","-2","-2","-2","-2","-2","-2","-2","-2","-2","-2","-2","-2","2014-01-27 14:09:34","-2","0","-10",NULL,"-2","-2","-2","-2","-2","-2","-2","0","0","10","10","-2","-2"
"79","ENTE-AIX","95","Entité racine > Centres de formation et écoles > ENTE-AIX",,"3","{""79"":""79""}","[""0""]",NULL,NULL,NULL,NULL,NULL,NULL,NULL,NULL,NULL,NULL,NULL,NULL,NULL,NULL,,"ENTE-AIX","0",,,NULL,"-2","-2","-2","-2","-2","-2","-2","-2","-2","-2","-2","-2","-2","-2","2014-01-27 14:09:47","-2","0","-10",NULL,"-2","-2","-2","-2","-2","-2","-2","0","0","10","10","-2","-2"
"80","ENTE59","95","Entité racine > Centres de formation et écoles > ENTE59",,"3","{""80"":""80""}","[""0""]",NULL,NULL,NULL,NULL,NULL,NULL,NULL,NULL,NULL,NULL,NULL,NULL,NULL,NULL,,"ENTE59","0",,,NULL,"-2","-2","-2","-2","-2","-2","-2","-2","-2","-2","-2","-2","-2","-2","2014-01-27 14:09:55","-2","0","-10",NULL,"-2","-2","-2","-2","-2","-2","-2","0","0","10","10","-2","-2"
"81","IROU","94","Entité racine > Hors périmètre > Autres services > IROU",,"4","{""81"":""81""}","{""0"":""0"",""94"":""94""}",NULL,NULL,NULL,NULL,NULL,NULL,NULL,NULL,NULL,NULL,NULL,NULL,NULL,NULL,,"IROU","0",,,NULL,"-2","-2","-2","-2","-2","-2","-2","-2","-2","-2","-2","-2","-2","-2","2014-01-27 14:10:13","-2","0","-10",NULL,"-2","-2","-2","-2","-2","-2","-2","0","0","10","10","-2","-2"
"82","IntercoDOM","103","Entité racine > Hors périmètre > IntercoDOM",,"3","{""82"":""82""}","[""0""]",NULL,NULL,NULL,NULL,NULL,NULL,NULL,NULL,NULL,NULL,NULL,NULL,NULL,NULL,,"IntercoDOM","0",,,NULL,"-2","-2","-2","-2","-2","-2","-2","-2","-2","-2","-2","-2","-2","-2","2014-01-27 14:10:07","-2","0","-10",NULL,"-2","-2","-2","-2","-2","-2","-2","0","0","10","10","-2","-2"
"83","RCA","103","Entité racine > Hors périmètre > RCA",,"3","{""83"":""83""}","[""0""]",NULL,NULL,NULL,NULL,NULL,NULL,NULL,NULL,NULL,NULL,NULL,NULL,NULL,NULL,,"RCA","0",,,NULL,"-2","-2","-2","-2","-2","-2","-2","-2","-2","-2","-2","-2","-2","-2","2014-01-27 14:10:22","-2","0","-10",NULL,"-2","-2","-2","-2","-2","-2","-2","0","0","10","10","-2","-2"
"84","SCHAPI","94","Entité racine > Hors périmètre > Autres services > SCHAPI",,"4","{""84"":""84""}","{""0"":""0"",""94"":""94""}",NULL,NULL,NULL,NULL,NULL,NULL,NULL,NULL,NULL,NULL,NULL,NULL,NULL,NULL,,"SCHAPI","0",,,NULL,"-2","-2","-2","-2","-2","-2","-2","-2","-2","-2","-2","-2","-2","-2","2014-01-27 14:10:28","-2","0","-10",NULL,"-2","-2","-2","-2","-2","-2","-2","0","0","10","10","-2","-2"
"92","SOES","103","Entité racine > Hors périmètre > SOES",,"3","{""92"":""92""}","[""0""]",NULL,NULL,NULL,NULL,NULL,NULL,NULL,NULL,NULL,NULL,NULL,NULL,NULL,NULL,,"SOES","0",,,NULL,"-2","-2","-2","-2","-2","-2","-2","-2","-2","-2","-2","-2","-2","-2","2014-01-27 14:11:22","-2","0","-10",NULL,"-2","-2","-2","-2","-2","-2","-2","0","0","10","10","-2","-2"
"93","STRMTG","101","Entité racine > Stc > STRMTG",,"3","{""93"":""93""}","{""0"":""0"",""101"":""101""}",NULL,NULL,NULL,NULL,NULL,NULL,NULL,NULL,NULL,NULL,NULL,NULL,NULL,NULL,,"STRMTG","0",,,NULL,"-2","-2","-2","-2","-2","-2","-2","-2","-2","-2","-2","-2","-2","-2","2014-01-27 14:11:28","-2","0","-10",NULL,"-2","-2","-2","-2","-2","-2","-2","0","0","10","10","-2","-2"
"94","Autres services","103","Entité racine > Hors périmètre > Autres services",,"3","{""94"":""94"",""5"":""5"",""6"":""6"",""17"":""17"",""30"":""30"",""81"":""81"",""84"":""84""}","[""0""]",NULL,NULL,NULL,NULL,NULL,NULL,NULL,NULL,NULL,NULL,NULL,NULL,NULL,NULL,NULL,NULL,"0",NULL,NULL,NULL,"-2","-2","-2","-2","-2","-2","-2","-2","-2","-2","-2","-2","-2","-2",NULL,"-2","0","-10",NULL,"-2","-2","-2","-2","-2","-2","-2","-2","-2","-2","-2","-2","-2"
"95","Centres de formation et écoles","0","Entité racine > Centres de formation et écoles",,"2","{""95"":""95"",""19"":""19"",""20"":""20"",""21"":""21"",""22"":""22"",""23"":""23"",""24"":""24"",""25"":""25"",""26"":""26"",""27"":""27"",""28"":""28"",""79"":""79"",""80"":""80""}","[""0""]",NULL,NULL,NULL,NULL,NULL,NULL,NULL,NULL,NULL,NULL,NULL,NULL,NULL,NULL,NULL,NULL,"0",NULL,NULL,NULL,"-2","-2","-2","-2","-2","-2","-2","-2","-2","-2","-2","-2","-2","-2",NULL,"-2","0","-10",NULL,"-2","-2","-2","-2","-2","-2","-2","-2","-2","-2","-2","-2","-2"
"96","CEREMA","103","Entité racine > Hors périmètre > CEREMA",,"3","{""96"":""96""}","[""0""]",NULL,NULL,NULL,NULL,NULL,NULL,NULL,NULL,NULL,NULL,NULL,NULL,NULL,NULL,,"CEREMA","0",,,NULL,"-2","-2","-2","-2","-2","-2","-2","-2","-2","-2","-2","-2","-2","-2","2016-04-25 09:28:40","-2","0","-10",NULL,"-2","-2","-2","-2","-2","-2","-2","0","0","10","10","-2","-2"
"97","Dir","0","Entité racine > Dir",,"2",NULL,"[""0""]",NULL,NULL,NULL,NULL,NULL,NULL,NULL,NULL,NULL,NULL,NULL,NULL,NULL,NULL,NULL,NULL,"0",NULL,NULL,NULL,"-2","-2","-2","-2","-2","-2","-2","-2","-2","-2","-2","-2","-2","-2",NULL,"-2","0","-10",NULL,"-2","-2","-2","-2","-2","-2","-2","-2","-2","-2","-2","-2","-2"
"98","Dirm","0","Entité racine > Dirm",,"2","{""98"":""98"",""47"":""47"",""48"":""48"",""49"":""49"",""50"":""50""}","[""0""]",NULL,NULL,NULL,NULL,NULL,NULL,NULL,NULL,NULL,NULL,NULL,NULL,NULL,NULL,NULL,NULL,"0",NULL,NULL,NULL,"-2","-2","-2","-2","-2","-2","-2","-2","-2","-2","-2","-2","-2","-2",NULL,"-2","0","-10",NULL,"-2","-2","-2","-2","-2","-2","-2","-2","-2","-2","-2","-2","-2"
"99","Dreal","0","Entité racine > Dreal",,"2",NULL,"[""0""]",NULL,NULL,NULL,NULL,NULL,NULL,NULL,NULL,NULL,NULL,NULL,NULL,NULL,NULL,NULL,NULL,"0",NULL,NULL,NULL,"-2","-2","-2","-2","-2","-2","-2","-2","-2","-2","-2","-2","-2","-2",NULL,"-2","0","-10",NULL,"-2","-2","-2","-2","-2","-2","-2","-2","-2","-2","-2","-2","-2"
"100","Outre-mer","0","Entité racine > Outre-mer",,"2",NULL,"[""0""]",NULL,NULL,NULL,NULL,NULL,NULL,NULL,NULL,NULL,NULL,NULL,NULL,NULL,NULL,NULL,NULL,"0",NULL,NULL,NULL,"-2","-2","-2","-2","-2","-2","-2","-2","-2","-2","-2","-2","-2","-2",NULL,"-2","0","-10",NULL,"-2","-2","-2","-2","-2","-2","-2","-2","-2","-2","-2","-2","-2"
"105","DMSOI","100","Entité racine > Outre-mer > DMSOI",,"3","{""105"":""105""}","{""0"":""0"",""100"":""100""}",NULL,NULL,NULL,NULL,NULL,NULL,NULL,NULL,NULL,NULL,NULL,NULL,NULL,NULL,,"DMSOI","0",,,NULL,"-2","-2","-2","-2","-2","-2","-2","-2","-2","-2","-2","-2","-2","-2","2016-03-01 10:17:15","-2","0","-10",NULL,"-2","-2","-2","-2","-2","-2","-2","0","0","10","10","-2","-2"
"101","Stc","0","Entité racine > Stc",,"2","{""101"":""101"",""16"":""16"",""18"":""18"",""93"":""93""}","[""0""]",NULL,NULL,NULL,NULL,NULL,NULL,NULL,NULL,NULL,NULL,NULL,NULL,NULL,NULL,NULL,NULL,"0",NULL,NULL,NULL,"-2","-2","-2","-2","-2","-2","-2","-2","-2","-2","-2","-2","-2","-2",NULL,"-2","0","-10",NULL,"-2","-2","-2","-2","-2","-2","-2","-2","-2","-2","-2","-2","-2"
"103","Hors périmètre","0","Entité racine > Hors périmètre",,"2",NULL,"[""0""]",NULL,NULL,NULL,NULL,NULL,NULL,NULL,NULL,NULL,NULL,NULL,NULL,NULL,NULL,NULL,NULL,"0",NULL,NULL,NULL,"-2","-2","-2","-2","-2","-2","-2","-2","-2","-2","-2","-2","-2","-2",NULL,"-2","0","-10",NULL,"-2","-2","-2","-2","-2","-2","-2","-2","-2","-2","-2","-2","-2"
"104","DM971","100","Entité racine > Outre-mer > DM971",,"3","{""104"":""104""}","{""0"":""0"",""100"":""100""}",NULL,NULL,NULL,NULL,NULL,NULL,NULL,NULL,NULL,NULL,NULL,NULL,NULL,NULL,,"DM971","0",,,NULL,"-2","-2","-2","-2","-2","-2","-2","-2","-2","-2","-2","-2","-2","-2","2016-03-01 10:17:04","-2","0","-10",NULL,"-2","-2","-2","-2","-2","-2","-2","0","0","10","10","-2","-2"
"0","Entité racine","-1","Entité racine",NULL,"1",NULL,NULL,NULL,NULL,NULL,NULL,NULL,NULL,NULL,NULL,NULL,NULL,NULL,NULL,NULL,NULL,NULL,NULL,"0",NULL,NULL,NULL,"0","0","0","0","0","0","0","0","0","-1","0","0","-10","1",NULL,"1","0","0",NULL,"0","0","0","0","0","1","-10","0","0","10","10","0","1"
